drift_bias,drift_bias,boundary_bias,boundary_bias,nondecision_bias,nondecision_bias,drift_se,boundary_se,nondecision_se
mean,std,mean,std,mean,std,mean,mean,mean
-2.1941454561476763,4.0262723653979915,0.3774949255179192,0.440186074304867,-0.1362880579755256,0.4540900625261824,21.00893257394069,0.3360724350236973,0.2245660218468876
-1.2164572989428875,1.5079232741582187,0.3590093553743138,0.3841760032371027,-0.11628472005395002,0.26923671737551785,3.751327128298722,0.2763313275080515,0.08593805769118684
-0.9363273878337137,0.9107766982877159,0.35362519444002605,0.3724842131499892,-0.12192014368133303,0.19893865295518653,1.705393657157235,0.26365652269966694,0.054401532487261345
