drift_bias,drift_bias,boundary_bias,boundary_bias,nondecision_bias,nondecision_bias,drift_se,boundary_se,nondecision_se
mean,std,mean,std,mean,std,mean,mean,mean
-2.316281319678869,3.906846731482947,0.3900728376304478,0.41719065818486045,-0.1503764564289457,0.41124645767937734,20.613347083808993,0.32603081588851024,0.19156760395300867
-1.128425817049128,1.5234200016253436,0.33343003652461145,0.400725523094103,-0.1081216219398246,0.26346383446611576,3.5918325174338013,0.2715959531709874,0.08103406401041556
-0.9806855386882452,0.9063935512889282,0.3672681555404339,0.36812868784159736,-0.12647581859985318,0.1896755500080437,1.7824718463405902,0.27026911015523675,0.05193697014708596
