drift_bias,drift_bias,boundary_bias,boundary_bias,nondecision_bias,nondecision_bias,drift_se,boundary_se,nondecision_se
mean,std,mean,std,mean,std,mean,mean,mean
-2.200290574155266,3.7177341722726296,0.37000035856915686,0.42474369156334857,-0.13936271129752492,0.3960583081076035,18.649004439024466,0.3171270616606426,0.1761272865378334
-1.2373618988061201,1.6588892684514887,0.3572645314627429,0.39917024414444174,-0.11239653939978683,0.2918202722885517,4.28022615999562,0.28681549236781634,0.0977068943162938
-0.9386896254452959,0.9016432340942577,0.34958893932099083,0.35492940706055853,-0.1221372085444541,0.18731945567583622,1.693285773984995,0.24806133560793875,0.04997098760724832
