drift_bias,drift_bias,boundary_bias,boundary_bias,nondecision_bias,nondecision_bias,drift_se,boundary_se,nondecision_se
mean,std,mean,std,mean,std,mean,mean,mean
-2.4562377027755655,4.259791514793996,0.36494302551720764,0.4373877832269507,-0.12585886546328828,0.405941970495073,24.160781578297595,0.3243001767169229,0.1804645485417195
-1.1886914472023855,1.5854903863859666,0.36214916576059847,0.37900461835724303,-0.12328568326980904,0.2718473464442662,3.9242533422091,0.2746528744964809,0.08902643848832381
-0.9552527097976508,0.9246302977107371,0.34907759582787445,0.3824193118945259,-0.11595016391214462,0.20534429311705496,1.7665939858329573,0.26795345348874156,0.055568552948280454
